<?xml version="1.0"?>
<config xmlns:xsi="http://www.w3.org/2001/XMLSchema-instance" xsi:noNamespaceSchemaLocation="urn:magento:framework:ObjectManager/etc/config.xsd">
    <type name="Magento\Framework\View\Element\UiComponent\DataProvider\CollectionFactory">
        <arguments>
            <argument name="collections" xsi:type="array">
                <item name="importer_import_listing_data_source" xsi:type="string">Gradus\Importer\Model\ResourceModel\Imports\Grid\Collection</item>
            </argument>
        </arguments>
    </type>
    <type name="Gradus\Importer\Model\ResourceModel\Import\Grid\Collection">
        <arguments>
            <argument name="mainTable" xsi:type="string">custom_imports</argument>
            <argument name="eventPrefix" xsi:type="string">custom_imports_grid_collection</argument>
            <argument name="eventObject" xsi:type="string">custom_imports_grid_collection</argument>
            <argument name="resourceModel" xsi:type="string">Gradus\Importer\Model\ResourceModel\Imports</argument>
        </arguments>
    </type>
    <virtualType name="PostGridDataProvider" type="Magento\Framework\View\Element\UiComponent\DataProvider\DataProvider">
        <arguments>
            <argument name="collection" xsi:type="object" shared="false">Gradus\Importer\Model\ResourceModel\Imports\Collection</argument>
            <argument name="filterPool" xsi:type="object" shared="false">ImporterImportGirdFilterPool</argument>
        </arguments>
    </virtualType>
    <virtualType name="ImporterImportGirdFilterPool" type="Magento\Framework\View\Element\UiComponent\DataProvider\FilterPool">
        <arguments>
            <argument name="appliers" xsi:type="array">
                <item name="regular" xsi:type="object">Magento\Framework\View\Element\UiComponent\DataProvider\RegularFilter</item>
                <item name="fulltext" xsi:type="object">Magento\Framework\View\Element\UiComponent\DataProvider\FulltextFilter</item>
            </argument>
        </arguments>
    </virtualType>
</config>
